"Informazioni cronologiche","Quale corso frequenti? ","Tipologia:","Anno accademico (Per la magistrale parti dal primo anno)","Quale tipologia d'istituto superiore hai frequentato?","Sesso","Età","Preferisco studiare materie:","Preferisco:","Studio perché voglio aiutare le persone dal punto di vista: (ciò che preferisci di più)","Mi soddisfa più: (ciò che preferisci di più)","Quando studio, mi piace avere più risposte per la stessa domanda:","Fra questi obiettivi mi rispecchio più in: (ciò che preferisci di più)","In quale ambiente di lavoro ti senti più a tuo agio?","Quanto sei soddisfatto della tua scelta accademica?","Pareri sulla tua scelta o miglioramenti da apportare al form."
"2024/05/15 11:05:03 AM EEST","Informatica ",Triennale,"Terzo","Tecnologico","Uomo","21","Scientifiche","Pratica","tecnologico (es. Sviluppatore, Progettista, ...)","progettare","Sì","fare carriera","Un ambiente collaborativo e team-oriented","8",""
"2024/05/15 11:22:38 AM EEST","L-10",Triennale,"Primo","Scienze umane","Donna","19","Umanistiche","Pratica","sanitario (es. Dottore, Infermiere, Psicologo, ...)","analizzare","No","fare carriera","Un ambiente strutturato e ben organizzato","1",""
"2024/05/15 11:29:03 AM EEST",Filosofia ,Triennale,"Secondo","Scientifico","Uomo","20","Umanistiche","Teoria","sociale (es. Assistente Sociale, ...)","comunicare","Sì","espandere le mie conoscenze e competenze","Un ambiente multiculturale e diversificato","10","La domanda sugli ambienti è strutturata in maniera un po' confusionaria, poni opzioni che potrebbero effettivamente presentarsi in una stessa situazione, ti consiglierei di mettere la possibilità di scegliere almeno due opzioni"
"2024/05/15 11:47:08 AM EEST",Infomatica L-31,Triennale,"Terzo","Scientifico","Uomo","24","Scientifiche","Pratica","tecnologico (es. Sviluppatore, Progettista, ...)","creare","Sì","esprimere la mia creatività ed originalità","Un ambiente autonomo e indipendente","8","In alcune domande sarebbe utile poter dare più di una preferenza"
"2024/05/15 11:54:46 AM EEST",Matematica ,Triennale,"Terzo","Scientifico","Uomo","21","Scientifiche","Teoria","della ricerca (es. Fisico, Matematico, Storico, ...)","comprendere","No","espandere le mie conoscenze e competenze","Un ambiente autonomo e indipendente","7",""
"2024/05/15 12:11:56 PM EEST","Matematica",Triennale,"Terzo","Scientifico","Donna","21","Scientifiche","Pratica","tecnologico (es. Sviluppatore, Progettista, ...)","aiutare","Sì","promuovere l'innovazione ed il cambiamento","Un ambiente collaborativo e team-oriented","9",""
"2024/05/15 12:28:52 PM EEST","Matematica ",Triennale,"Terzo","Classico","Donna","21","Scientifiche","Pratica","educativo (es. Insegnante, ...)","aiutare","No","contribuire al benessere degli altri","Un ambiente collaborativo e team-oriented","8",""
"2024/05/15 1:27:04 PM EEST","Informatica",Triennale,"Secondo","Economico","Uomo","25","Scientifiche","Pratica","tecnologico (es. Sviluppatore, Progettista, ...)","progettare","No","promuovere l'innovazione ed il cambiamento","Un ambiente strutturato e ben organizzato","9",""
"2024/05/15 1:45:33 PM EEST",Informatica,Triennale,"Terzo","Economico","Donna","22","Scientifiche","Teoria","sociale (es. Assistente Sociale, ...)","analizzare","No","promuovere l'innovazione ed il cambiamento","Un ambiente autonomo e indipendente","10","No, nessun commento"
"2024/05/15 1:47:32 PM EEST","Informatica",Triennale,"Terzo","Scientifico","Uomo","21","Scientifiche","Pratica","tecnologico (es. Sviluppatore, Progettista, ...)","creare","No","fare carriera","Un ambiente creativo e innovativo","9","Più formale nella presentazione del form"
"2024/05/15 1:50:21 PM EEST","Informatica",Triennale,"Oltre","Tecnologico","Uomo","26","Scientifiche","Pratica","tecnologico (es. Sviluppatore, Progettista, ...)","progettare","No","fare una differenza nel mondo","Un ambiente dinamico e stimolante","8",""
"2024/05/15 1:51:08 PM EEST","Ingegneria industriale ",Triennale,"Quinto","Tecnologico","Uomo","27","Scientifiche","Teoria","tecnologico (es. Sviluppatore, Progettista, ...)","comprendere","Sì","espandere le mie conoscenze e competenze","Un ambiente strutturato e ben organizzato","9",""
"2024/05/15 1:57:49 PM EEST",Informatica ,Magistrale,"Secondo","Tecnologico","Uomo","23","Scientifiche","Pratica","tecnologico (es. Sviluppatore, Progettista, ...)","progettare","Sì","esprimere la mia creatività ed originalità","Un ambiente autonomo e indipendente","8",""
"2024/05/15 2:14:31 PM EEST",Ingegneria industriale,,"Quinto","Classico","Donna","24","Umanistiche","Teoria","tecnologico (es. Sviluppatore, Progettista, ...)","creare","Sì","contribuire al benessere degli altri","Un ambiente dinamico e stimolante","2",""
"2024/05/15 3:14:25 PM EEST",Lettere Classiche,Triennale,"Terzo","Classico","Donna","21","Umanistiche","Pratica","educativo (es. Insegnante, ...)","comprendere","Sì","espandere le mie conoscenze e competenze","Un ambiente autonomo e indipendente","8","Metti anche “altro “ tra le risposte seguito da una casella di testo "
"2024/05/15 4:02:52 PM EEST",Medicina,Magistrale,"Primo","Scientifico","Uomo","19","Scientifiche","Pratica","sanitario (es. Dottore, Infermiere, Psicologo, ...)","analizzare","Sì","fare carriera","Un ambiente autonomo e indipendente","9",""
"2024/05/15 4:37:06 PM EEST",Matematica,Triennale,"Terzo","Scientifico","Donna","21","Scientifiche","Pratica","economico (es. Impiegato in banca, Economista, ...)","analizzare","Sì","fare carriera","Un ambiente strutturato e ben organizzato","7",""
2024/05/15 5:04:17 PM EEST,Triennale ,,Primo,"Scientifico","Uomo","19","Scientifiche","Teoria","sanitario (es. Dottore, Infermiere, Psicologo, ...)","comunicare","Sì","fare carriera","Un ambiente creativo e innovativo","8",""
"2024/05/15 9:21:00 PM EEST",Scienze del Turismo ,Triennale,Terzo,"Linguistico","Donna","22","Umanistiche","Teoria","educativo (es. Insegnante, ...)","comunicare","No","espandere le mie conoscenze e competenze","Un ambiente dinamico e stimolante","9",""
"2024/05/16 2:46:06 PM EEST",Scienze Chimiche,Triennale,"Secondo","Tecnologico","Donna","21","Scientifiche","Pratica","della ricerca (es. Fisico, Matematico, Storico, ...)","comprendere","No","promuovere l'innovazione ed il cambiamento","Un ambiente strutturato e ben organizzato","8",""
"2024/05/16 2:46:57 PM EEST",Scienze chimiche,Triennale,"Secondo","Tecnologico","Donna","20","Scientifiche","Pratica","della ricerca (es. Fisico, Matematico, Storico, ...)","analizzare","Sì","promuovere l'innovazione ed il cambiamento","Un ambiente dinamico e stimolante","8",""
"2024/05/16 2:47:03 PM EEST",Scienze Chimiche,Triennale,"Secondo","Scientifico","Donna","20","Scientifiche","Pratica","tecnologico (es. Sviluppatore, Progettista, ...)","creare","Sì","fare carriera","Un ambiente creativo e innovativo","10",""
"2024/05/16 2:47:08 PM EEST",Scienze Chimiche ,Triennale,"Secondo","Tecnologico","Donna","20","Scientifiche","Pratica","della ricerca (es. Fisico, Matematico, Storico, ...)","comprendere","Sì","promuovere l'innovazione ed il cambiamento","Un ambiente dinamico e stimolante","8",""
"2024/05/16 3:11:55 PM EEST",Scienze del turismo,Triennale,"Quarto","Scienze umane","Donna","23","Umanistiche","Teoria","della ricerca (es. Fisico, Matematico, Storico, ...)","comprendere","Sì","espandere le mie conoscenze e competenze","Un ambiente multiculturale e diversificato","8",""
"2024/05/17 2:46:05 PM EEST",Ingegneria informatica,Triennale,"Terzo","Tecnologico","Uomo","22","Scientifiche","Pratica","tecnologico (es. Sviluppatore, Progettista, ...)","progettare","No","promuovere l'innovazione ed il cambiamento","Un ambiente autonomo e indipendente","10",""
"2024/05/17 4:36:23 PM EEST",Ingegneria informatica,Triennale,"Terzo","Tecnologico","Uomo","22","Scientifiche","Pratica","tecnologico (es. Sviluppatore, Progettista, ...)","creare","Sì","promuovere l'innovazione ed il cambiamento","Un ambiente dinamico e stimolante","8",""
"2024/05/20 11:41:15 AM EEST",Informatica ,"Triennale","Terzo","Tecnologico","Uomo","21","Scientifiche","Pratica","tecnologico (es. Sviluppatore, Progettista, ...)","comprendere","Sì","fare carriera","Un ambiente collaborativo e team-oriented","8",""
"2024/05/20 11:41:44 AM EEST","Informatica","Magistrale","Primo","Classico","Donna","22","Umanistiche","Teoria","tecnologico (es. Sviluppatore, Progettista, ...)","progettare","No","contribuire al benessere degli altri","Un ambiente collaborativo e team-oriented","9","Grazie simone non impazzire quando vedrai le mie risposte ti giuro che sono sensate"
"2024/05/20 11:42:19 AM EEST","informatica","Triennale","Terzo","Tecnologico","Donna","21","Scientifiche","Pratica","educativo (es. Insegnante, ...)","comprendere","No","fare carriera","Un ambiente strutturato e ben organizzato","10",""
"2024/05/20 11:44:02 AM EEST","Informatica","Triennale","Terzo","Tecnologico","Uomo","21","Scientifiche","Pratica","tecnologico (es. Sviluppatore, Progettista, ...)","progettare","No","esprimere la mia creatività ed originalità","Un ambiente autonomo e indipendente","7","Inserire anche possibili scelte ""negative"""
"2024/05/20 11:44:30 AM EEST","Informatica","Magistrale","Primo","Tecnologico","Uomo","22","Scientifiche","Pratica","tecnologico (es. Sviluppatore, Progettista, ...)","creare","Sì","fare una differenza nel mondo","Un ambiente strutturato e ben organizzato","10",""
"2024/05/20 11:45:00 AM EEST","L-31","Triennale","Terzo","Tecnologico","Uomo","28","Scientifiche","Pratica","tecnologico (es. Sviluppatore, Progettista, ...)","progettare","Sì","promuovere l'innovazione ed il cambiamento","Un ambiente collaborativo e team-oriented","10","E' bella la mia scelta ma pur essendo al terzo anno mi domando: ""Ma dopo la laurea come trovo il lavoro?"". Quindi io credo che gli studenti non sono per niente seguiti a livello lavorativo o comunque a livello di tirocinio."
"2024/05/20 11:48:23 AM EEST","Storia","Triennale","Primo","Classico","Uomo","19","Umanistiche","Teoria","educativo (es. Insegnante, ...)","comunicare","Sì","fare una differenza nel mondo","Un ambiente dinamico e stimolante","10",""
"2024/05/20 11:49:56 AM EEST","Informatica ","Magistrale","Primo","Tecnologico","Uomo","22","Scientifiche","Pratica","tecnologico (es. Sviluppatore, Progettista, ...)","progettare","Sì","promuovere l'innovazione ed il cambiamento","Un ambiente collaborativo e team-oriented","9",""
"2024/05/20 11:50:19 AM EEST","Informatica","Magistrale","Secondo","Classico","Donna","25","Scientifiche","Pratica","tecnologico (es. Sviluppatore, Progettista, ...)","comunicare","Sì","fare carriera","Un ambiente collaborativo e team-oriented","9",""
"2024/05/20 11:51:08 AM EEST","Informatica","Magistrale","Secondo","Scientifico","Uomo","24","Scientifiche","Pratica","tecnologico (es. Sviluppatore, Progettista, ...)","comprendere","Sì","espandere le mie conoscenze e competenze","Un ambiente autonomo e indipendente","10",""
"2024/05/20 11:52:35 AM EEST","Fisica L-30","Triennale","Secondo","Classico","Donna","19","Scientifiche","Teoria","ambientale (es. Agricoltore, Attivista, ...)","creare","Sì","promuovere l'innovazione ed il cambiamento","Un ambiente creativo e innovativo","1",""
"2024/05/20 11:55:08 AM EEST","Informatica ","Magistrale",Primo,"Tecnologico","Uomo","22","Umanistiche","Pratica","educativo (es. Insegnante, ...)","comunicare","No","fare carriera","Un ambiente strutturato e ben organizzato","6",""
"2024/05/20 12:04:26 PM EEST","L31","Triennale","Terzo","Economico","Donna","22","Scientifiche","Pratica","tecnologico (es. Sviluppatore, Progettista, ...)","aiutare","No","contribuire al benessere degli altri","Un ambiente creativo e innovativo","10",""
"2024/05/20 12:06:30 PM EEST","Informatica ","Triennale","Terzo","Scientifico","Donna","22","Scientifiche","Pratica","tecnologico (es. Sviluppatore, Progettista, ...)","analizzare","No","espandere le mie conoscenze e competenze","Un ambiente autonomo e indipendente","8",""
"2024/05/20 12:08:23 PM EEST","Informatica ","Triennale","Terzo","Economico","Uomo","22","Scientifiche","Pratica","tecnologico (es. Sviluppatore, Progettista, ...)","progettare","No","fare carriera","Un ambiente creativo e innovativo","8",""
"2024/05/20 12:14:07 PM EEST","Informatica","Triennale","Terzo","Scientifico","Donna","21","Scientifiche","Teoria","tecnologico (es. Sviluppatore, Progettista, ...)","analizzare","Sì","espandere le mie conoscenze e competenze","Un ambiente strutturato e ben organizzato","8",""
"2024/05/20 12:18:13 PM EEST","Informatica","Magistrale","Primo","Professionale","Uomo","23","Scientifiche","Pratica","tecnologico (es. Sviluppatore, Progettista, ...)","creare","Sì","fare carriera","Un ambiente collaborativo e team-oriented","10",""
"2024/05/20 12:18:33 PM EEST","Informatica","Triennale","Primo","Scientifico","Uomo","19","Scientifiche","Pratica","educativo (es. Insegnante, ...)","comunicare","Sì","promuovere l'innovazione ed il cambiamento","Un ambiente collaborativo e team-oriented","8",""
"2024/05/20 12:21:27 PM EEST","Informatica","Triennale","Quarto","Scientifico","Non specifico","22","Scientifiche","Teoria","artistico (es. Stilista, Designer, ...)","progettare","Sì","espandere le mie conoscenze e competenze","Un ambiente dinamico e stimolante","8",""
"2024/05/20 12:24:34 PM EEST","Informatica L31","Triennale","Terzo","Tecnologico","Uomo","21","Scientifiche","Pratica","tecnologico (es. Sviluppatore, Progettista, ...)","creare","Sì","fare carriera","Un ambiente creativo e innovativo","10",""
"2024/05/20 12:24:46 PM EEST","Ingegneria Informatica ","Triennale","Terzo","Tecnologico","Uomo","21","Scientifiche","Pratica","tecnologico (es. Sviluppatore, Progettista, ...)","analizzare","Sì","espandere le mie conoscenze e competenze","Un ambiente dinamico e stimolante","8",""
"2024/05/20 12:27:23 PM EEST",Informatica,"Magistrale","Primo","Scienze umane","Donna","23","Scientifiche","Teoria","tecnologico (es. Sviluppatore, Progettista, ...)","progettare","Sì","fare carriera","Un ambiente dinamico e stimolante","8",""
"2024/05/20 12:28:54 PM EEST",Informatica,"Triennale","Quarto","Economico","Donna","22","Scientifiche","Pratica","tecnologico (es. Sviluppatore, Progettista, ...)","creare","Sì","fare carriera","Un ambiente strutturato e ben organizzato","8",""
"2024/05/20 12:31:20 PM EEST","Informatica L-31","Triennale","Terzo","Professionale","Uomo","23","Scientifiche","Pratica","tecnologico (es. Sviluppatore, Progettista, ...)","comunicare","Sì","contribuire al benessere degli altri","Un ambiente dinamico e stimolante","10",""
"2024/05/20 12:32:13 PM EEST","Informatica","Triennale","Terzo","Scientifico","Uomo","22","Scientifiche","Teoria","della ricerca (es. Fisico, Matematico, Storico, ...)","comprendere","No","espandere le mie conoscenze e competenze","Un ambiente collaborativo e team-oriented","4",""
"2024/05/20 12:35:08 PM EEST","L-31","Triennale","Terzo","Tecnologico","Uomo","21","Scientifiche","Pratica","tecnologico (es. Sviluppatore, Progettista, ...)","creare","Sì","fare carriera","Un ambiente autonomo e indipendente","10",""
"2024/05/20 12:39:48 PM EEST","Informatica","Triennale","Secondo","Scientifico","Uomo","20","Scientifiche","Pratica","tecnologico (es. Sviluppatore, Progettista, ...)","progettare","Sì","esprimere la mia creatività ed originalità","Un ambiente strutturato e ben organizzato","10",""
"2024/05/20 12:42:29 PM EEST","Informatica ","Triennale","Quinto","Scientifico","Donna","24","Scientifiche","Pratica","tecnologico (es. Sviluppatore, Progettista, ...)","comprendere","Sì","contribuire al benessere degli altri","Un ambiente collaborativo e team-oriented","8","Sarebbe utile poter mettere più di una scelta, soprattutto nella sezione ""ciò che soddisfa di più"". Avrei messo qualche opzione in più per dare un quadro completo, perché dietro ogni scelta universitaria non c'è un solo obiettivo.
Also, bravo che hai messo ""non specifico"" nel sesso, così la gente non rompe i coglioni eheheh
Ottimo progetto 
Tvb 
- Dile"
"2024/05/20 12:42:54 PM EEST","Informatica","Magistrale","Primo","Scientifico","Uomo","23","Scientifiche","Pratica","tecnologico (es. Sviluppatore, Progettista, ...)","progettare","No","promuovere l'innovazione ed il cambiamento","Un ambiente strutturato e ben organizzato","10",""
"2024/05/20 12:45:28 PM EEST","Informatica","Triennale","Quarto","Scientifico","Uomo","23","Scientifiche","Pratica","tecnologico (es. Sviluppatore, Progettista, ...)","creare","No","fare carriera","Un ambiente collaborativo e team-oriented","10",""
"2024/05/20 12:49:38 PM EEST","Informatica","Triennale","Terzo","Tecnologico","Uomo","22","Scientifiche","Pratica","tecnologico (es. Sviluppatore, Progettista, ...)","analizzare","Sì","espandere le mie conoscenze e competenze","Un ambiente collaborativo e team-oriented","10",""
"2024/05/20 12:54:30 PM EEST","Informatica L31","Triennale","Primo","Scientifico","Uomo","19","Scientifiche","Pratica","tecnologico (es. Sviluppatore, Progettista, ...)","creare","Sì","fare una differenza nel mondo","Un ambiente autonomo e indipendente","7",""
"2024/05/20 1:13:55 PM EEST","Informatica","Triennale","Primo","Tecnologico","Uomo","18","Scientifiche","Pratica","tecnologico (es. Sviluppatore, Progettista, ...)","progettare","Sì","espandere le mie conoscenze e competenze","Un ambiente collaborativo e team-oriented","9",""
"2024/05/20 1:16:04 PM EEST","L-31","Triennale","Terzo","Scientifico","Uomo","21","Scientifiche","Pratica","tecnologico (es. Sviluppatore, Progettista, ...)","creare","Sì","espandere le mie conoscenze e competenze","Un ambiente dinamico e stimolante","8",""
"2024/05/20 1:17:14 PM EEST","Matematica","Magistrale","Secondo","Linguistico","Donna","25","Scientifiche","Teoria","della ricerca (es. Fisico, Matematico, Storico, ...)","comprendere","Sì","espandere le mie conoscenze e competenze","Un ambiente dinamico e stimolante","8",""
"2024/05/20 1:18:07 PM EEST","Informatica","Triennale","Terzo","Tecnologico","Uomo","21","Scientifiche","Pratica","tecnologico (es. Sviluppatore, Progettista, ...)","creare","Sì","fare carriera","Un ambiente collaborativo e team-oriented","10",""
"2024/05/20 1:18:39 PM EEST","Informatica","Triennale","Terzo","Scientifico","Uomo","21","Scientifiche","Teoria","della ricerca (es. Fisico, Matematico, Storico, ...)","comprendere","Sì","promuovere la giustizia","Un ambiente strutturato e ben organizzato","7",""
"2024/05/20 1:20:01 PM EEST","Informatica","Triennale","Primo","Tecnologico","Uomo","20","Scientifiche","Pratica","tecnologico (es. Sviluppatore, Progettista, ...)","progettare","Sì","fare una differenza nel mondo","Un ambiente strutturato e ben organizzato","6",""
"2024/05/20 1:24:27 PM EEST","Informatica ","Magistrale","Primo","Scientifico","Uomo","23","Scientifiche","Pratica","tecnologico (es. Sviluppatore, Progettista, ...)","analizzare","Sì","fare carriera","Un ambiente strutturato e ben organizzato","8",""
"2024/05/20 1:41:19 PM EEST","Scienze motorie ","Triennale","Secondo","Scienze umane","Donna","20","Scientifiche","Pratica","sanitario (es. Dottore, Infermiere, Psicologo, ...)","aiutare","No","fare carriera","Un ambiente strutturato e ben organizzato","7",""
"2024/05/20 1:42:45 PM EEST","Scienze motorie ","Triennale","Primo","Scientifico","Uomo","20","Scientifiche","Pratica","educativo (es. Insegnante, ...)","aiutare","No","fare una differenza nel mondo","Un ambiente strutturato e ben organizzato","5",""
"2024/05/20 1:45:26 PM EEST","Informatica L31","Triennale","Terzo","Scientifico","Uomo","21","Scientifiche","Teoria","tecnologico (es. Sviluppatore, Progettista, ...)","comprendere","Sì","espandere le mie conoscenze e competenze","Un ambiente dinamico e stimolante","8",""
"2024/05/20 1:46:05 PM EEST","Chimica e tecnologia farmaceutiche","Magistrale","Oltre","Tecnologico","Donna","26","Scientifiche","Pratica","della ricerca (es. Fisico, Matematico, Storico, ...)","ricercare","Sì","espandere le mie conoscenze e competenze","Un ambiente dinamico e stimolante","8",""
"2024/05/20 1:46:36 PM EEST","Biotecnologie","Triennale","Terzo","Tecnologico","Uomo","22","Scientifiche","Pratica","della ricerca (es. Fisico, Matematico, Storico, ...)","comprendere","Sì","promuovere l'innovazione ed il cambiamento","Un ambiente dinamico e stimolante","8",""
"2024/05/20 1:48:40 PM EEST","Scienze Motorie ","Triennale","Terzo","Scientifico","Uomo","21","Umanistiche","Pratica","educativo (es. Insegnante, ...)","progettare","No","contribuire al benessere degli altri","Un ambiente strutturato e ben organizzato","7","Nessuno"
"2024/05/20 1:50:25 PM EEST","Sciente Motorie","Triennale","Terzo","Professionale","Uomo","21","Scientifiche","Pratica","sanitario (es. Dottore, Infermiere, Psicologo, ...)","progettare","Sì","espandere le mie conoscenze e competenze","Un ambiente strutturato e ben organizzato","9",""
"2024/05/20 1:54:43 PM EEST","Scienze e Tecniche Psicologiche ","Triennale","Terzo","Scientifico","Uomo","24","Scientifiche","Pratica","sociale (es. Assistente Sociale, ...)","analizzare","No","contribuire al benessere degli altri","Un ambiente creativo e innovativo","8",""
"2024/05/20 1:56:06 PM EEST","L31","Triennale","Terzo","Tecnologico","Uomo","25","Scientifiche","Pratica","tecnologico (es. Sviluppatore, Progettista, ...)","progettare","Sì","fare carriera","Un ambiente creativo e innovativo","7",""
"2024/05/20 2:04:46 PM EEST","Ingegneria informatica ","Triennale","Terzo","Tecnologico","Uomo","22","Scientifiche","Pratica","tecnologico (es. Sviluppatore, Progettista, ...)","creare","Sì","esprimere la mia creatività ed originalità","Un ambiente dinamico e stimolante","8",""
"2024/05/20 2:07:10 PM EEST","Infermieristica","Triennale","Primo","Linguistico","Donna","21","Scientifiche","Pratica","sanitario (es. Dottore, Infermiere, Psicologo, ...)","aiutare","Sì","contribuire al benessere degli altri","Un ambiente collaborativo e team-oriented","9",""
"2024/05/20 2:09:46 PM EEST","Informatica","Triennale","Terzo","Economico","Uomo","21","Scientifiche","Pratica","della ricerca (es. Fisico, Matematico, Storico, ...)","creare","No","fare carriera","Un ambiente autonomo e indipendente","10",""
"2024/05/20 2:11:38 PM EEST","Scienze e tecniche psicologiche ","Triennale","Primo","Artistico","Donna","19","Scientifiche","Teoria","sanitario (es. Dottore, Infermiere, Psicologo, ...)","analizzare","Sì","contribuire al benessere degli altri","Un ambiente autonomo e indipendente","10",""
"2024/05/20 2:11:46 PM EEST","Informatica (L-31)","Triennale","Terzo","Tecnologico","Uomo","21","Scientifiche","Pratica","tecnologico (es. Sviluppatore, Progettista, ...)","progettare","Sì","espandere le mie conoscenze e competenze","Un ambiente collaborativo e team-oriented","9",""
"2024/05/20 2:13:01 PM EEST","Scienze e lingue per la comunicazione (L-20)","Triennale","Terzo","Professionale","Donna","21","Umanistiche","Pratica","turistico (es. Guida Turistica, ...)","progettare","Sì","fare carriera","Un ambiente strutturato e ben organizzato","8",""
"2024/05/20 2:16:36 PM EEST","L-20","Triennale","Terzo","Linguistico","Donna","21","Umanistiche","Pratica","turistico (es. Guida Turistica, ...)","comprendere","Sì","espandere le mie conoscenze e competenze","Un ambiente dinamico e stimolante","8",""
"2024/05/20 2:17:13 PM EEST","Medicina e Chirurgia ","Magistrale","Sesto","Classico","Uomo","24","Scientifiche","Pratica","sanitario (es. Dottore, Infermiere, Psicologo, ...)","progettare","Sì","fare una differenza nel mondo","Un ambiente strutturato e ben organizzato","9",""
"2024/05/20 2:19:07 PM EEST","Scienze biologiche ","Triennale","Primo","Scientifico","Donna","20","Scientifiche","Pratica","della ricerca (es. Fisico, Matematico, Storico, ...)","comprendere","No","espandere le mie conoscenze e competenze","Un ambiente autonomo e indipendente","5","Non è stata la mia prima scelta di facoltà, quindi spero di realizzare il mio sogno"
"2024/05/20 2:19:49 PM EEST","Informatica","Triennale","Terzo","Tecnologico","Uomo","25","Scientifiche","Pratica","educativo (es. Insegnante, ...)","aiutare","Sì","contribuire al benessere degli altri","Un ambiente collaborativo e team-oriented","8",""
"2024/05/20 2:21:24 PM EEST","Scienze e tecnologie alimentari ","Magistrale","Primo","Linguistico","Donna","23","Scientifiche","Pratica","della ricerca (es. Fisico, Matematico, Storico, ...)","comprendere","No","espandere le mie conoscenze e competenze","Un ambiente strutturato e ben organizzato","9",""
"2024/05/20 2:25:43 PM EEST","Politiche e servizi sociali ","Magistrale","Primo","Scienze umane","Donna","23","Umanistiche","Pratica","sociale (es. Assistente Sociale, ...)","aiutare","Sì","contribuire al benessere degli altri","Un ambiente collaborativo e team-oriented","9",""
"2024/05/20 2:28:42 PM EEST","Scienze Ambientali e Naturali ","Triennale","Quarto","Linguistico","Donna","23","Scientifiche","Pratica","ambientale (es. Agricoltore, Attivista, ...)","comprendere","Sì","espandere le mie conoscenze e competenze","Un ambiente dinamico e stimolante","10",""
"2024/05/20 2:29:30 PM EEST","Lm87","Magistrale","Primo","Scienze umane","Donna","28","Umanistiche","Pratica","civile (es. Avvocato, Politico, ...)","aiutare","Sì","espandere le mie conoscenze e competenze","Un ambiente dinamico e stimolante","6",""
"2024/05/20 2:30:06 PM EEST","Informatica","Triennale","Terzo","Classico","Donna","23","Umanistiche","Teoria","tecnologico (es. Sviluppatore, Progettista, ...)","comprendere","No","fare carriera","Un ambiente collaborativo e team-oriented","8",""
"2024/05/20 2:30:11 PM EEST","Fisica","Triennale","Secondo","Linguistico","Uomo","21","Scientifiche","Pratica","della ricerca (es. Fisico, Matematico, Storico, ...)","analizzare","No","promuovere l'innovazione ed il cambiamento","Un ambiente dinamico e stimolante","8",""
"2024/05/20 2:32:08 PM EEST","Informatica ","Triennale","Quarto","Scientifico","Uomo","25","Scientifiche","Pratica","della ricerca (es. Fisico, Matematico, Storico, ...)","progettare","Sì","espandere le mie conoscenze e competenze","Un ambiente dinamico e stimolante","9",""
"2024/05/20 2:32:47 PM EEST","LM 87 ","Magistrale","Primo","Professionale","Donna","41","Umanistiche","Pratica","sociale (es. Assistente Sociale, ...)","comprendere","Sì","espandere le mie conoscenze e competenze","Un ambiente creativo e innovativo","10",""
"2024/05/20 2:33:08 PM EEST","Infermieristica ","Triennale","Secondo","Scienze umane","Donna","21","Umanistiche","Pratica","sanitario (es. Dottore, Infermiere, Psicologo, ...)","comunicare","Sì","espandere le mie conoscenze e competenze","Un ambiente dinamico e stimolante","9",""
"2024/05/20 2:41:10 PM EEST","Economia e management dei sistemi alimentari sostenibili ","Magistrale","Primo","Economico","Donna","25","Umanistiche","Pratica","economico (es. Impiegato in banca, Economista, ...)","progettare","No","promuovere l'innovazione ed il cambiamento","Un ambiente dinamico e stimolante","7",""
"2024/05/20 2:41:45 PM EEST","Laurea","Triennale","Terzo","Scientifico","Donna","26","Scientifiche","Pratica","sanitario (es. Dottore, Infermiere, Psicologo, ...)","comprendere","Sì","contribuire al benessere degli altri","Un ambiente collaborativo e team-oriented","8",""
"2024/05/20 2:45:51 PM EEST","Economia Aziendale","Triennale","Primo","Linguistico","Donna","21","Scientifiche","Teoria","economico (es. Impiegato in banca, Economista, ...)","aiutare","No","espandere le mie conoscenze e competenze","Un ambiente strutturato e ben organizzato","10",""
"2024/05/20 2:46:51 PM EEST","Organizzazione e marketing per la comunicazione d’impresa ","Magistrale","Primo","Economico","Donna","22","Umanistiche","Pratica","economico (es. Impiegato in banca, Economista, ...)","comunicare","Sì","contribuire al benessere degli altri","Un ambiente multiculturale e diversificato","8",""
"2024/05/20 2:48:05 PM EEST","Infermieristica ","Triennale","Terzo","Linguistico","Donna","24","Umanistiche","Pratica","sanitario (es. Dottore, Infermiere, Psicologo, ...)","aiutare","Sì","promuovere la giustizia","Un ambiente dinamico e stimolante","7",""
"2024/05/20 2:48:36 PM EEST","L-31","Triennale","Terzo","Tecnologico","Donna","22","Scientifiche","Pratica","tecnologico (es. Sviluppatore, Progettista, ...)","aiutare","Sì","espandere le mie conoscenze e competenze","Un ambiente creativo e innovativo","7",""
"2024/05/20 3:02:39 PM EEST","Politiche e servizi sociali","Magistrale","Primo","Classico","Donna","27","Umanistiche","Pratica","sociale (es. Assistente Sociale, ...)","creare","No","fare una differenza nel mondo","Un ambiente creativo e innovativo","7","Avere la possibilità di selezionare più alternative di risposta"
"2024/05/20 3:09:24 PM EEST","Informatica","Triennale","Secondo","Tecnologico","Uomo","22","Scientifiche","Pratica","tecnologico (es. Sviluppatore, Progettista, ...)","creare","Sì","espandere le mie conoscenze e competenze","Un ambiente collaborativo e team-oriented","10",""
"2024/05/20 3:18:38 PM EEST","Scienze Ambientali e Naturali","Triennale","Quinto","Linguistico","Uomo","25","Scientifiche","Pratica","ambientale (es. Agricoltore, Attivista, ...)","comunicare","Sì","promuovere l'innovazione ed il cambiamento","Un ambiente multiculturale e diversificato","9",""
"2024/05/20 3:18:57 PM EEST","Lingue, letterature e mediazione culturale","Triennale","Secondo","Tecnologico","Donna","20","Umanistiche","Teoria","economico (es. Impiegato in banca, Economista, ...)","comprendere","No","espandere le mie conoscenze e competenze","Un ambiente dinamico e stimolante","8",""
"2024/05/20 3:30:13 PM EEST","L-31","Triennale","Quinto","Tecnologico","Uomo","34","Scientifiche","Teoria","tecnologico (es. Sviluppatore, Progettista, ...)","comprendere","Sì","promuovere l'innovazione ed il cambiamento","Un ambiente creativo e innovativo","10","Quasi tutte le domande dovrebbero essere a risposta multipla"
"2024/05/20 3:33:30 PM EEST","Informatica","Triennale","Terzo","Scientifico","Uomo","21","Scientifiche","Teoria","della ricerca (es. Fisico, Matematico, Storico, ...)","comprendere","Sì","espandere le mie conoscenze e competenze","Un ambiente collaborativo e team-oriented","7",""
"2024/05/20 3:34:20 PM EEST","L-11 Lingue e Culture Europee Euroamericane e Orientali ","Triennale","Secondo","Linguistico","Donna","20","Umanistiche","Pratica","educativo (es. Insegnante, ...)","creare","Sì","esprimere la mia creatività ed originalità","Un ambiente multiculturale e diversificato","5",""
"2024/05/20 3:36:01 PM EEST","Ingegneria elettronica ","Triennale","Quinto","Tecnologico","Uomo","24","Scientifiche","Pratica","tecnologico (es. Sviluppatore, Progettista, ...)","aiutare","Sì","promuovere l'innovazione ed il cambiamento","Un ambiente collaborativo e team-oriented","8",""
"2024/05/20 3:36:40 PM EEST","Scienze motorie ","Triennale","Secondo","Classico","Donna","24","Scientifiche","Pratica","sanitario (es. Dottore, Infermiere, Psicologo, ...)","aiutare","Sì","espandere le mie conoscenze e competenze","Un ambiente dinamico e stimolante","7",""
"2024/05/20 3:38:04 PM EEST","Scienze dell'educazione e della formazione (L-19)","Triennale","Secondo","Scientifico","Donna","21","Umanistiche","Pratica","educativo (es. Insegnante, ...)","creare","Sì","esprimere la mia creatività ed originalità","Un ambiente strutturato e ben organizzato","9",""
"2024/05/20 3:38:52 PM EEST","Scienze e lingue per la comunicazione ","Triennale","Terzo","Scienze umane","Donna","22","Umanistiche","Pratica","civile (es. Avvocato, Politico, ...)","analizzare","Sì","fare una differenza nel mondo","Un ambiente strutturato e ben organizzato","7","."
"2024/05/20 3:40:07 PM EEST","Informatica ","Triennale","Primo","Linguistico","Donna","22","Scientifiche","Teoria","tecnologico (es. Sviluppatore, Progettista, ...)","analizzare","Sì","espandere le mie conoscenze e competenze","Un ambiente dinamico e stimolante","8",""
"2024/05/20 3:40:18 PM EEST","Fisica","Triennale","Terzo","Scientifico","Uomo","21","Scientifiche","Teoria","della ricerca (es. Fisico, Matematico, Storico, ...)","analizzare","Sì","promuovere l'innovazione ed il cambiamento","Un ambiente collaborativo e team-oriented","8","Vogliamo conoscere l'output del progetto ;)"
"2024/05/20 3:42:26 PM EEST","Informatica","Triennale","Terzo","Tecnologico","Donna","22","Scientifiche","Pratica","tecnologico (es. Sviluppatore, Progettista, ...)","creare","Sì","espandere le mie conoscenze e competenze","Un ambiente dinamico e stimolante","7",""
"2024/05/20 3:42:31 PM EEST","Medicina","Magistrale","Sesto","Scientifico","Donna","26","Scientifiche","Pratica","sanitario (es. Dottore, Infermiere, Psicologo, ...)","aiutare","No","fare carriera","Un ambiente strutturato e ben organizzato","9",""
"2024/05/20 3:43:11 PM EEST","Economia aziendale ","Triennale","Primo","Scienze umane","Donna","22","Umanistiche","Pratica","economico (es. Impiegato in banca, Economista, ...)","aiutare","Sì","fare carriera","Un ambiente dinamico e stimolante","8",""
"2024/05/20 3:43:45 PM EEST","Direzione Aziendale - Marketing Management ","Magistrale","Secondo","Scientifico","Donna","25","Scientifiche","Pratica","economico (es. Impiegato in banca, Economista, ...)","analizzare","Sì","esprimere la mia creatività ed originalità","Un ambiente autonomo e indipendente","9","Più visite aziendali "
"2024/05/20 3:46:18 PM EEST","L-5","Triennale","Secondo","Classico","Uomo","21","Umanistiche","Pratica","sociale (es. Assistente Sociale, ...)","ricercare","Sì","esprimere la mia creatività ed originalità","Un ambiente creativo e innovativo","10",""
"2024/05/20 3:49:08 PM EEST","Scienze e tecnologie farmaceutiche (CTF)","Magistrale","Terzo","Economico","Donna","22","Scientifiche","Teoria","sanitario (es. Dottore, Infermiere, Psicologo, ...)","aiutare","Sì","contribuire al benessere degli altri","Un ambiente strutturato e ben organizzato","7",""
"2024/05/20 3:50:29 PM EEST","scienze e tecniche psicologiche","Triennale","Primo","Linguistico","Donna","19","Umanistiche","Teoria","sanitario (es. Dottore, Infermiere, Psicologo, ...)","comunicare","No","fare carriera","Un ambiente collaborativo e team-oriented","9",""
"2024/05/20 3:55:44 PM EEST","Politiche e servizi sociali (LM-87)","Magistrale","Primo","Scienze umane","Donna","33","Umanistiche","Pratica","sociale (es. Assistente Sociale, ...)","aiutare","Sì","promuovere la giustizia","Un ambiente dinamico e stimolante","6",""
"2024/05/20 4:01:11 PM EEST","Informatica ","Triennale","Terzo","Scientifico","Uomo","22","Scientifiche","Pratica","tecnologico (es. Sviluppatore, Progettista, ...)","comprendere","Sì","fare una differenza nel mondo","Un ambiente collaborativo e team-oriented","5","Secondo me dovresti dare la possibilità di scegliere più opzioni "
"2024/05/20 4:17:02 PM EEST","Ingegneria industriale ","Triennale","Oltre","Scientifico","Uomo","25","Scientifiche","Pratica","della ricerca (es. Fisico, Matematico, Storico, ...)","comprendere","No","promuovere l'innovazione ed il cambiamento","Un ambiente collaborativo e team-oriented","6",""
"2024/05/20 4:18:26 PM EEST","Scienze infermieristiche ","Triennale","Secondo","Scientifico","Donna","21","Scientifiche","Pratica","sanitario (es. Dottore, Infermiere, Psicologo, ...)","aiutare","Sì","contribuire al benessere degli altri","Un ambiente strutturato e ben organizzato","9",""
"2024/05/20 4:21:41 PM EEST","Informatica ","Triennale","Terzo","Tecnologico","Uomo","29","Scientifiche","Pratica","tecnologico (es. Sviluppatore, Progettista, ...)","comprendere","No","espandere le mie conoscenze e competenze","Un ambiente dinamico e stimolante","8",""
"2024/05/20 4:57:57 PM EEST","Medicina e chirurgia","Magistrale","Quinto","Scientifico","Uomo","27","Scientifiche","Pratica","educativo (es. Insegnante, ...)","aiutare","Sì","contribuire al benessere degli altri","Un ambiente collaborativo e team-oriented","3","A 18 anni l'idea di andare all'università sembra bellissima, ma questo paese NON premia i laureati (non premia nessuno, ma i laureati dovrebbero solo andare fuori se vogliono realizzarsi professionalmente)."
"2024/05/20 5:20:02 PM EEST","Ingegneria Edile-Architettura ","Magistrale","Secondo","Tecnologico","Uomo","20","Scientifiche","Pratica","tecnologico (es. Sviluppatore, Progettista, ...)","creare","Sì","promuovere l'innovazione ed il cambiamento","Un ambiente strutturato e ben organizzato","9",""
"2024/05/20 5:43:17 PM EEST","Facoltà di Giurisprudenza ","Magistrale","Secondo","Scientifico","Donna","20","Scientifiche","Teoria","civile (es. Avvocato, Politico, ...)","analizzare","No","promuovere la giustizia","Un ambiente autonomo e indipendente","10",""
"2024/05/20 5:44:49 PM EEST","Ingegneria Informatica","Triennale","Terzo","Classico","Donna","21","Scientifiche","Teoria","tecnologico (es. Sviluppatore, Progettista, ...)","analizzare","Sì","fare una differenza nel mondo","Un ambiente dinamico e stimolante","9",""
"2024/05/20 5:52:01 PM EEST","Ingegneria informatica ","Triennale","Terzo","Scientifico","Uomo","22","Scientifiche","Pratica","tecnologico (es. Sviluppatore, Progettista, ...)","comprendere","Sì","fare una differenza nel mondo","Un ambiente strutturato e ben organizzato","10","Nelle domani sugli obiettivi, sugli interessi e sugli ambienti di lavoro, se ci fosse stata la risposta multipla ne avrei messe più di una"
"2024/05/20 5:52:11 PM EEST","Informatica","Triennale","Terzo","Tecnologico","Uomo","21","Scientifiche","Pratica","tecnologico (es. Sviluppatore, Progettista, ...)","analizzare","No","fare carriera","Un ambiente strutturato e ben organizzato","9","Il form risulta fatto bene, bisogna però inserire le multi risposte "
"2024/05/20 5:53:37 PM EEST","Lingue e culture europee, euroamericane e orientali (L-11)","Triennale","Primo","Scientifico","Donna","19","Umanistiche","Pratica","educativo (es. Insegnante, ...)","aiutare","Sì","esplorare nuove culture","Un ambiente creativo e innovativo","6","Scegliere BENE le lingue che si vuole fare. O come me più avanti andrai e più avrai dubbi. È possibile cambiare ma recuperare è scomodo"
"2024/05/20 5:54:24 PM EEST","Ingegneria informatica","Triennale","Terzo","Scientifico","Uomo","21","Scientifiche","Pratica","tecnologico (es. Sviluppatore, Progettista, ...)","analizzare","Sì","esplorare nuove culture","Un ambiente dinamico e stimolante","8",""
"2024/05/20 6:01:34 PM EEST","Informatica","Triennale","Terzo","Tecnologico","Uomo","21","Scientifiche","Pratica","tecnologico (es. Sviluppatore, Progettista, ...)","creare","Sì","espandere le mie conoscenze e competenze","Un ambiente collaborativo e team-oriented","8",""
"2024/05/20 6:03:09 PM EEST","Scienze e tecniche psicologiche","Triennale","Primo","Scientifico","Donna","19","Umanistiche","Pratica","sociale (es. Assistente Sociale, ...)","comunicare","No","promuovere l'innovazione ed il cambiamento","Un ambiente strutturato e ben organizzato","8",""
"2024/05/20 6:17:54 PM EEST","Lingue e culture europee euroamericane ed orientali","Triennale","Terzo","Scienze umane","Donna","22","Umanistiche","Teoria","educativo (es. Insegnante, ...)","comprendere","Sì","fare carriera","Un ambiente autonomo e indipendente","6","Sarei più soddisfatta se nel mio corso non fossi obbligata a studiare 3 lingue straniere e dunque rallentare il mio percorso universitario."
"2024/05/20 6:20:47 PM EEST","Informatica ","Triennale","Primo","Scientifico","Uomo","20","Umanistiche","Pratica","tecnologico (es. Sviluppatore, Progettista, ...)","creare","No","fare una differenza nel mondo","Un ambiente strutturato e ben organizzato","2",""
"2024/05/20 6:26:57 PM EEST","Lettere moderne","Triennale","Primo","Linguistico","Donna","27","Umanistiche","Teoria","educativo (es. Insegnante, ...)","creare","No","esprimere la mia creatività ed originalità","Un ambiente autonomo e indipendente","9",""
"2024/05/20 6:27:18 PM EEST","Lettere moderne ","Triennale","Terzo","Classico","Donna","22","Umanistiche","Pratica","educativo (es. Insegnante, ...)","aiutare","Sì","espandere le mie conoscenze e competenze","Un ambiente dinamico e stimolante","8",""
"2024/05/20 6:27:50 PM EEST","filosofia","Triennale","Secondo","Scientifico","Donna","20","Umanistiche","Teoria","della ricerca (es. Fisico, Matematico, Storico, ...)","comunicare","Sì","contribuire al benessere degli altri","Un ambiente strutturato e ben organizzato","7",""
"2024/05/20 6:27:54 PM EEST","L-20 ","Triennale","Primo","Economico","Donna","21","Scientifiche","Pratica","tecnologico (es. Sviluppatore, Progettista, ...)","progettare","Sì","espandere le mie conoscenze e competenze","Un ambiente dinamico e stimolante","6","Tutto perfetto "
"2024/05/20 6:28:26 PM EEST","Lettere","Triennale","Terzo","Scienze umane","Donna","21","Umanistiche","Teoria","educativo (es. Insegnante, ...)","comunicare","No","fare una differenza nel mondo","Un ambiente collaborativo e team-oriented","9",""
"2024/05/20 6:28:27 PM EEST","Lettere","Triennale","Primo","Scienze umane","Donna","19","Umanistiche","Teoria","educativo (es. Insegnante, ...)","aiutare","Sì","fare una differenza nel mondo","Un ambiente collaborativo e team-oriented","8",""
"2024/05/20 6:28:27 PM EEST","Lettere","Triennale","Quinto","Scientifico","Donna","24","Umanistiche","Teoria","educativo (es. Insegnante, ...)","ricercare","Sì","espandere le mie conoscenze e competenze","Un ambiente autonomo e indipendente","8","È possibile che ci si rispecchi in più opzioni, quindi sarebbe necessario poter selezionare più scelte "
"2024/05/20 6:28:38 PM EEST","Lettere Moderne","Triennale","Secondo","Scientifico","Uomo","22","Umanistiche","Pratica","civile (es. Avvocato, Politico, ...)","creare","Sì","esprimere la mia creatività ed originalità","Un ambiente dinamico e stimolante","7",""
"2024/05/20 6:28:41 PM EEST","Filosofia ","Triennale","Primo","Scientifico","Uomo","21","Umanistiche","Teoria","della ricerca (es. Fisico, Matematico, Storico, ...)","comprendere","Sì","fare carriera","Un ambiente autonomo e indipendente","8","Nessuno "
"2024/05/20 6:29:03 PM EEST","Lingue e culture europee, euroamericane e orientali","Triennale","Primo","Scientifico","Donna","20","Umanistiche","Teoria","educativo (es. Insegnante, ...)","aiutare","Sì","contribuire al benessere degli altri","Un ambiente strutturato e ben organizzato","8",""
"2024/05/20 6:31:38 PM EEST","Lettere Moderne","Triennale","Terzo","Linguistico","Uomo","21","Umanistiche","Pratica","educativo (es. Insegnante, ...)","comunicare","No","espandere le mie conoscenze e competenze","Un ambiente dinamico e stimolante","8",""
"2024/05/20 6:32:41 PM EEST","Lettere moderne (L-10)","Triennale","Secondo","Scienze umane","Donna","20","Umanistiche","Pratica","educativo (es. Insegnante, ...)","creare","Sì","fare una differenza nel mondo","Un ambiente dinamico e stimolante","4",""
"2024/05/20 6:32:42 PM EEST","L-20","Triennale","Primo","Linguistico","Donna","19","Umanistiche","Pratica","sociale (es. Assistente Sociale, ...)","comunicare","Sì","espandere le mie conoscenze e competenze","Un ambiente dinamico e stimolante","8",""
"2024/05/20 6:36:05 PM EEST","Ingegneria informatica ","Triennale","Terzo","Scientifico","Uomo","21","Scientifiche","Teoria","tecnologico (es. Sviluppatore, Progettista, ...)","progettare","No","promuovere l'innovazione ed il cambiamento","Un ambiente dinamico e stimolante","8",""
"2024/05/20 6:36:55 PM EEST","Lingue e culture europee euroamericane e orientali","Triennale","Terzo","Linguistico","Donna","21","Umanistiche","Pratica","turistico (es. Guida Turistica, ...)","comunicare","Sì","esplorare nuove culture","Un ambiente strutturato e ben organizzato","6","A causa della posizione del corso che avrei voluto scegliere, ho preferito optare per la seconda scelta, ma almeno vivere la vita universitaria in toto"
"2024/05/20 6:37:09 PM EEST","L-11","Triennale","Primo","Linguistico","Donna","19","Umanistiche","Pratica","turistico (es. Guida Turistica, ...)","comunicare","Sì","espandere le mie conoscenze e competenze","Un ambiente strutturato e ben organizzato","9",""
"2024/05/20 6:38:17 PM EEST","Lettere moderne ","Triennale","Secondo","Linguistico","Donna","20","Umanistiche","Pratica","educativo (es. Insegnante, ...)","comunicare","Sì","espandere le mie conoscenze e competenze","Un ambiente strutturato e ben organizzato","9",""
"2024/05/20 6:39:55 PM EEST","Lettere Classiche","Triennale","Terzo","Classico","Uomo","22","Umanistiche","Teoria","della ricerca (es. Fisico, Matematico, Storico, ...)","comprendere","Sì","espandere le mie conoscenze e competenze","Un ambiente strutturato e ben organizzato","8",""
"2024/05/20 6:41:40 PM EEST","Lettere","Triennale","Terzo","Scientifico","Donna","21","Umanistiche","Teoria","educativo (es. Insegnante, ...)","comprendere","No","espandere le mie conoscenze e competenze","Un ambiente strutturato e ben organizzato","8",""
"2024/05/20 6:45:33 PM EEST","Lingue e culture europee, euroamericane e orientali","Triennale","Primo","Economico","Donna","20","Umanistiche","Pratica","artistico (es. Stilista, Designer, ...)","comunicare","Sì","esplorare nuove culture","Un ambiente creativo e innovativo","10",""
"2024/05/20 6:47:49 PM EEST","Beni Culturali ","Triennale","Primo","Artistico","Uomo","19","Umanistiche","Pratica","artistico (es. Stilista, Designer, ...)","progettare","Sì","fare carriera","Un ambiente multiculturale e diversificato","10","Culture Musicali "
"2024/05/20 6:48:28 PM EEST","Ingegneria informatica","Triennale","Terzo","Classico","Uomo","21","Scientifiche","Teoria","della ricerca (es. Fisico, Matematico, Storico, ...)","creare","Sì","fare una differenza nel mondo","Un ambiente dinamico e stimolante","7",""
"2024/05/20 6:55:15 PM EEST","L10","Triennale","Terzo","Classico","Donna","21","Umanistiche","Teoria","educativo (es. Insegnante, ...)","aiutare","Sì","espandere le mie conoscenze e competenze","Un ambiente autonomo e indipendente","7",""
"2024/05/20 6:57:47 PM EEST","Nutrizione Umana ","Magistrale","Primo","Professionale","Uomo","33","Scientifiche","Pratica","sanitario (es. Dottore, Infermiere, Psicologo, ...)","analizzare","No","contribuire al benessere degli altri","Un ambiente autonomo e indipendente","7",""
"2024/05/20 7:03:14 PM EEST","scienze della comunicazione ","Triennale","Secondo","Musicale","Donna","20","Umanistiche","Pratica","sociale (es. Assistente Sociale, ...)","comunicare","Sì","espandere le mie conoscenze e competenze","Un ambiente collaborativo e team-oriented","9",""
"2024/05/20 7:09:15 PM EEST","L-20","Triennale","Primo","Scientifico","Uomo","19","Umanistiche","Pratica","artistico (es. Stilista, Designer, ...)","comunicare","No","esprimere la mia creatività ed originalità","Un ambiente creativo e innovativo","8",""
"2024/05/20 7:09:34 PM EEST","Direzione aziendale","Magistrale","Primo","Economico","Donna","22","Scientifiche","Pratica","economico (es. Impiegato in banca, Economista, ...)","comunicare","Sì","fare carriera","Un ambiente creativo e innovativo","8","Tutto perfetto"
"2024/05/20 7:09:51 PM EEST","Ingegneria Informatica ","Triennale","Terzo","Scientifico","Donna","21","Scientifiche","Pratica","tecnologico (es. Sviluppatore, Progettista, ...)","creare","Sì","espandere le mie conoscenze e competenze","Un ambiente collaborativo e team-oriented","8",""
"2024/05/20 7:21:43 PM EEST","Scienze della Comunicazione ","Triennale","Terzo","Linguistico","Donna","23","Umanistiche","Teoria","artistico (es. Stilista, Designer, ...)","creare","Sì","esplorare nuove culture","Un ambiente dinamico e stimolante","8",""
"2024/05/20 7:22:39 PM EEST","Medicina e Chirurgia ","Magistrale","Primo","Scientifico","Donna","20","Scientifiche","Pratica","sanitario (es. Dottore, Infermiere, Psicologo, ...)","ricercare","Sì","fare una differenza nel mondo","Un ambiente dinamico e stimolante","10",""
"2024/05/20 7:33:10 PM EEST","Lettere moderne","Triennale","Secondo","Linguistico","Donna","20","Umanistiche","Teoria","educativo (es. Insegnante, ...)","comunicare","Sì","contribuire al benessere degli altri","Un ambiente strutturato e ben organizzato","9",""
"2024/05/20 8:05:39 PM EEST","Scienze e lingue per la comunicazione ","Triennale","Secondo","Linguistico","Uomo","20","Umanistiche","Pratica","sociale (es. Assistente Sociale, ...)","aiutare","Sì","fare una differenza nel mondo","Un ambiente creativo e innovativo","8",""
"2024/05/20 8:17:36 PM EEST","Scienze e lingue per la comunicazione","Triennale","Primo","Artistico","Uomo","23","Umanistiche","Teoria","sociale (es. Assistente Sociale, ...)","creare","Sì","esprimere la mia creatività ed originalità","Un ambiente creativo e innovativo","10",""
"2024/05/20 8:40:12 PM EEST","Scienze e tecniche psicologiche ","Triennale","Terzo","Scienze umane","Donna","25","Umanistiche","Teoria","educativo (es. Insegnante, ...)","analizzare","No","esprimere la mia creatività ed originalità","Un ambiente strutturato e ben organizzato","6",""
"2024/05/20 8:44:34 PM EEST","Medicina e Chirurgia ","Magistrale","Terzo","Scientifico","Donna","22","Scientifiche","Teoria","sanitario (es. Dottore, Infermiere, Psicologo, ...)","aiutare","No","contribuire al benessere degli altri","Un ambiente collaborativo e team-oriented","8",""
"2024/05/20 8:49:49 PM EEST","Lm87 Politiche e servizi sociali","Magistrale","Primo","Scientifico","Donna","22","Scientifiche","Pratica","sociale (es. Assistente Sociale, ...)","aiutare","Sì","contribuire al benessere degli altri","Un ambiente collaborativo e team-oriented","8",""
"2024/05/20 9:03:54 PM EEST","Lettere moderne (L-10)","Triennale","Terzo","Scientifico","Donna","21","Umanistiche","Teoria","educativo (es. Insegnante, ...)","comunicare","Sì","fare carriera","Un ambiente collaborativo e team-oriented","7",""
"2024/05/20 9:11:49 PM EEST","Scienze e lingue per la comunicazione internazionale ","Triennale","Secondo","Scientifico","Donna","21","Umanistiche","Pratica","sociale (es. Assistente Sociale, ...)","aiutare","No","esprimere la mia creatività ed originalità","Un ambiente strutturato e ben organizzato","8",""
"2024/05/20 9:21:58 PM EEST","Scienze chimiche ","Triennale","Secondo","Scientifico","Donna","20","Umanistiche","Pratica","tecnologico (es. Sviluppatore, Progettista, ...)","aiutare","No","fare una differenza nel mondo","Un ambiente collaborativo e team-oriented","7",""
"2024/05/20 9:33:04 PM EEST","scienze e tecniche psicologiche ","Triennale","Primo","Tecnologico","Uomo","21","Umanistiche","Teoria","sanitario (es. Dottore, Infermiere, Psicologo, ...)","comunicare","Sì","espandere le mie conoscenze e competenze","Un ambiente autonomo e indipendente","8",""
"2024/05/20 9:39:31 PM EEST","lettere L-10","Triennale","Secondo","Scientifico","Donna","21","Umanistiche","Teoria","educativo (es. Insegnante, ...)","comprendere","Sì","espandere le mie conoscenze e competenze","Un ambiente dinamico e stimolante","9",""
"2024/05/20 9:52:38 PM EEST","Medicina e chirurgia ","Magistrale","Terzo","Scientifico","Donna","21","Scientifiche","Pratica","sanitario (es. Dottore, Infermiere, Psicologo, ...)","analizzare","Sì","contribuire al benessere degli altri","Un ambiente dinamico e stimolante","8",""
"2024/05/20 10:25:41 PM EEST","Lettere","Triennale","Secondo","Scientifico","Donna","20","Umanistiche","Teoria","educativo (es. Insegnante, ...)","creare","Sì","esprimere la mia creatività ed originalità","Un ambiente dinamico e stimolante","8",""
"2024/05/20 10:28:01 PM EEST","L-10","Triennale","Primo","Classico","Donna","19","Umanistiche","Pratica","educativo (es. Insegnante, ...)","analizzare","Sì","esprimere la mia creatività ed originalità","Un ambiente creativo e innovativo","10",""
"2024/05/20 11:10:20 PM EEST","Filosofia ","Triennale","Quarto","Tecnologico","Uomo","48","Umanistiche","Teoria","educativo (es. Insegnante, ...)","ricercare","Sì","fare carriera","Un ambiente autonomo e indipendente","10",""
"2024/05/20 11:40:44 PM EEST","L9 Ingegneria industriale","Triennale","Primo","Tecnologico","Uomo","19","Scientifiche","Pratica","tecnologico (es. Sviluppatore, Progettista, ...)","creare","No","esprimere la mia creatività ed originalità","Un ambiente dinamico e stimolante","2",""
"2024/05/20 11:45:05 PM EEST","Ingegneria Informatica ","Triennale","Secondo","Scientifico","Donna","19","Scientifiche","Pratica","tecnologico (es. Sviluppatore, Progettista, ...)","creare","No","fare carriera","Un ambiente strutturato e ben organizzato","9",""
"2024/05/20 11:55:15 PM EEST","Lettere moderne ","Triennale","Terzo","Classico","Donna","25","Umanistiche","Pratica","educativo (es. Insegnante, ...)","comprendere","Sì","espandere le mie conoscenze e competenze","Un ambiente dinamico e stimolante","9",""
"2024/05/20 11:59:15 PM EEST","Ingegneria Informatica","Triennale","Terzo","Scientifico","Uomo","21","Scientifiche","Teoria","tecnologico (es. Sviluppatore, Progettista, ...)","aiutare","No","contribuire al benessere degli altri","Un ambiente collaborativo e team-oriented","9","risposte multiple"
"2024/05/21 12:06:04 AM EEST","Dams","Triennale","Secondo","Musicale","Uomo","20","Umanistiche","Teoria","educativo (es. Insegnante, ...)","comunicare","Sì","fare una differenza nel mondo","Un ambiente dinamico e stimolante","9",""
"2024/05/21 1:01:22 AM EEST","Informatica","Triennale","Quarto","Tecnologico","Uomo","22","Scientifiche","Pratica","tecnologico (es. Sviluppatore, Progettista, ...)","analizzare","Sì","espandere le mie conoscenze e competenze","Un ambiente strutturato e ben organizzato","8",""
"2024/05/21 1:06:00 AM EEST","Medicina ","Magistrale","Terzo","Scientifico","Donna","27","Scientifiche","Teoria","sanitario (es. Dottore, Infermiere, Psicologo, ...)","comprendere","No","fare carriera","Un ambiente multiculturale e diversificato","10",""
"2024/05/21 1:07:12 AM EEST","Matematica ","Triennale","Secondo","Scientifico","Donna","20","Scientifiche","Pratica","educativo (es. Insegnante, ...)","analizzare","Sì","espandere le mie conoscenze e competenze","Un ambiente dinamico e stimolante","8",""
"2024/05/21 1:33:54 AM EEST","Informatica ","Magistrale","Secondo","Tecnologico","Uomo","23","Scientifiche","Pratica","tecnologico (es. Sviluppatore, Progettista, ...)","progettare","Sì","esprimere la mia creatività ed originalità","Un ambiente collaborativo e team-oriented","7",""
"2024/05/21 7:46:50 AM EEST","Ingegneria Civile Gestionale ","Triennale","Secondo","Scientifico","Donna","20","Scientifiche","Pratica","economico (es. Impiegato in banca, Economista, ...)","analizzare","Sì","fare carriera","Un ambiente strutturato e ben organizzato","9",""
"2024/05/21 8:24:27 AM EEST","Scienze dell’alimentazione","Triennale","Primo","Professionale","Donna","20","Umanistiche","Pratica","sociale (es. Assistente Sociale, ...)","aiutare","Sì","espandere le mie conoscenze e competenze","Un ambiente collaborativo e team-oriented","7",""
"2024/05/21 8:55:16 AM EEST","Fisica","Triennale","Primo","Tecnologico","Uomo","19","Scientifiche","Teoria","della ricerca (es. Fisico, Matematico, Storico, ...)","comprendere","Sì","espandere le mie conoscenze e competenze","Un ambiente autonomo e indipendente","9","Penso che il corso sia appagante ma molto difficile se non si ha un'ottima preparazione in matematica fin dall'inizio, per il resto il dipartimento e i professori sono ottimi "
"2024/05/21 10:08:52 AM EEST","Management della pubblica amministrazione (LM63)","Magistrale","Primo","Scientifico","Uomo","23","Umanistiche","Teoria","civile (es. Avvocato, Politico, ...)","aiutare","Sì","fare una differenza nel mondo","Un ambiente strutturato e ben organizzato","8",""
"2024/05/21 11:37:29 AM EEST","Filosofia ","Triennale","Quinto","Scientifico","Uomo","23","Umanistiche","Teoria","educativo (es. Insegnante, ...)","comprendere","Sì","promuovere la giustizia","Un ambiente dinamico e stimolante","6",""
"2024/05/21 11:40:55 AM EEST","Informatica ","Triennale","Secondo","Tecnologico","Uomo","21","Scientifiche","Teoria","tecnologico (es. Sviluppatore, Progettista, ...)","comunicare","Sì","espandere le mie conoscenze e competenze","Un ambiente collaborativo e team-oriented","9",""
"2024/05/21 12:22:20 PM EEST","Lettere Moderne","Triennale","Terzo","Scientifico","Donna","21","Umanistiche","Teoria","educativo (es. Insegnante, ...)","comprendere","No","esplorare nuove culture","Un ambiente strutturato e ben organizzato","9",""
"2024/05/21 1:00:38 PM EEST","L-11","Triennale","Primo","Linguistico","Donna","19","Umanistiche","Teoria","turistico (es. Guida Turistica, ...)","comprendere","Sì","espandere le mie conoscenze e competenze","Un ambiente dinamico e stimolante","8",""
"2024/05/21 2:06:05 PM EEST","L-31 Informatica ","Triennale","Primo","Scientifico","Uomo","20","Scientifiche","Pratica","tecnologico (es. Sviluppatore, Progettista, ...)","progettare","Sì","fare una differenza nel mondo","Un ambiente creativo e innovativo","9","Poter mettere molteplici risposte alle domande"
"2024/05/21 2:24:31 PM EEST","Informatica L-31","Triennale","Terzo","Scientifico","Uomo","21","Scientifiche","Pratica","tecnologico (es. Sviluppatore, Progettista, ...)","aiutare","Sì","contribuire al benessere degli altri","Un ambiente strutturato e ben organizzato","8",""
"2024/05/21 2:29:08 PM EEST","Informatica","Triennale","Terzo","Tecnologico","Uomo","21","Scientifiche","Pratica","tecnologico (es. Sviluppatore, Progettista, ...)","progettare","Sì","fare carriera","Un ambiente strutturato e ben organizzato","7",""
"2024/05/21 2:52:19 PM EEST","Matematica","Magistrale","Secondo","Scientifico","Donna","26","Scientifiche","Teoria","educativo (es. Insegnante, ...)","comprendere","Sì","fare carriera","Un ambiente strutturato e ben organizzato","8",""
"2024/05/21 2:52:20 PM EEST","Scienze Biologiche ","Triennale","Quarto","Professionale","Donna","22","Scientifiche","Teoria","sanitario (es. Dottore, Infermiere, Psicologo, ...)","comunicare","Sì","fare carriera","Un ambiente strutturato e ben organizzato","10",""
"2024/05/21 2:52:22 PM EEST","Data Science","Magistrale","Secondo","Tecnologico","Uomo","26","Scientifiche","Pratica","tecnologico (es. Sviluppatore, Progettista, ...)","analizzare","Sì","espandere le mie conoscenze e competenze","Un ambiente dinamico e stimolante","7",""
"2024/05/21 2:52:44 PM EEST","Ingegneria informatica ","Triennale","Primo","Tecnologico","Donna","20","Scientifiche","Pratica","della ricerca (es. Fisico, Matematico, Storico, ...)","progettare","No","espandere le mie conoscenze e competenze","Un ambiente creativo e innovativo","10",""
"2024/05/21 2:53:30 PM EEST","Informatica","Triennale","Quarto","Tecnologico","Uomo","23","Scientifiche","Pratica","educativo (es. Insegnante, ...)","creare","No","fare carriera","Un ambiente multiculturale e diversificato","7",""
"2024/05/21 2:53:59 PM EEST","Matematica ","Magistrale","Secondo","Scientifico","Donna","25","Scientifiche","Teoria","educativo (es. Insegnante, ...)","aiutare","Sì","contribuire al benessere degli altri","Un ambiente collaborativo e team-oriented","8",""
"2024/05/21 2:54:16 PM EEST","Ingegneria informatica ","Triennale","Primo","Scientifico","Donna","19","Umanistiche","Pratica","tecnologico (es. Sviluppatore, Progettista, ...)","creare","No","esplorare nuove culture","Un ambiente multiculturale e diversificato","5",""
"2024/05/21 2:56:40 PM EEST","Biologia","Triennale","Terzo","Scientifico","Donna","23","Scientifiche","Teoria","sanitario (es. Dottore, Infermiere, Psicologo, ...)","comprendere","No","contribuire al benessere degli altri","Un ambiente collaborativo e team-oriented","8",""
"2024/05/21 2:59:17 PM EEST","CTF","Magistrale","Quarto","Scientifico","Donna","22","Scientifiche","Pratica","della ricerca (es. Fisico, Matematico, Storico, ...)","analizzare","Sì","espandere le mie conoscenze e competenze","Un ambiente collaborativo e team-oriented","10",""
"2024/05/21 2:59:20 PM EEST","Informatica ","Magistrale","Secondo","Scientifico","Uomo","23","Scientifiche","Pratica","tecnologico (es. Sviluppatore, Progettista, ...)","progettare","Sì","fare carriera","Un ambiente collaborativo e team-oriented","10",""
"2024/05/21 3:00:37 PM EEST","Informatica","Magistrale","Primo","Scientifico","Donna","25","Scientifiche","Pratica","tecnologico (es. Sviluppatore, Progettista, ...)","creare","Sì","esprimere la mia creatività ed originalità","Un ambiente creativo e innovativo","7",""
"2024/05/21 3:01:25 PM EEST","L16 corso di scienze dell’amministrazione e dell’organizzazione (scienze politiche)","Triennale","Terzo","Scientifico","Donna","22","Umanistiche","Pratica","civile (es. Avvocato, Politico, ...)","aiutare","Sì","fare carriera","Un ambiente dinamico e stimolante","8",""
"2024/05/21 3:05:35 PM EEST","Medicina e Chirurgia ","Magistrale","Quinto","Scientifico","Donna","23","Scientifiche","Teoria","sanitario (es. Dottore, Infermiere, Psicologo, ...)","aiutare","Sì","contribuire al benessere degli altri","Un ambiente dinamico e stimolante","9","Medicina è a ciclo unico, manca sulla tipologia "
"2024/05/21 3:10:10 PM EEST","Informatica L-31","Triennale","Primo","Tecnologico","Uomo","20","Scientifiche","Pratica","tecnologico (es. Sviluppatore, Progettista, ...)","progettare","Sì","fare carriera","Un ambiente autonomo e indipendente","7",""
"2024/05/21 3:12:09 PM EEST","Informatica","Triennale","Quarto","Scientifico","Uomo","22","Scientifiche","Teoria","tecnologico (es. Sviluppatore, Progettista, ...)","progettare","No","fare carriera","Un ambiente strutturato e ben organizzato","8",""
"2024/05/21 3:12:32 PM EEST","Informatica L-31","Triennale","Primo","Scientifico","Donna","19","Scientifiche","Pratica","tecnologico (es. Sviluppatore, Progettista, ...)","comprendere","Sì","espandere le mie conoscenze e competenze","Un ambiente creativo e innovativo","8",""
"2024/05/21 3:20:25 PM EEST","Biologia ambientale ","Magistrale","Secondo","Scientifico","Donna","26","Scientifiche","Pratica","educativo (es. Insegnante, ...)","comprendere","Sì","contribuire al benessere degli altri","Un ambiente dinamico e stimolante","9",""
"2024/05/21 3:23:00 PM EEST","Economia ","Triennale","Terzo","Economico","Donna","21","Scientifiche","Pratica","economico (es. Impiegato in banca, Economista, ...)","comunicare","Sì","espandere le mie conoscenze e competenze","Un ambiente creativo e innovativo","9",""
"2024/05/21 3:29:12 PM EEST","Medicina e Chirurgia ","Magistrale","Secondo","Classico","Donna","21","Umanistiche","Teoria","sanitario (es. Dottore, Infermiere, Psicologo, ...)","comprendere","Sì","promuovere la giustizia","Un ambiente strutturato e ben organizzato","8",""
"2024/05/21 3:38:12 PM EEST","Scienze biologiche ","Triennale","Terzo","Classico","Donna",21,"Scientifiche","Pratica","della ricerca (es. Fisico, Matematico, Storico, ...)","comunicare","Sì","contribuire al benessere degli altri","Un ambiente collaborativo e team-oriented","5",""
"2024/05/21 3:38:20 PM EEST","Lingue ","Triennale","Terzo","Linguistico","Donna","23","Umanistiche","Pratica","educativo (es. Insegnante, ...)","comunicare","No","promuovere l'innovazione ed il cambiamento","Un ambiente dinamico e stimolante","7",""
"2024/05/21 3:44:18 PM EEST","Lingue e culture europee euroamericane ed orientali","Triennale","Primo","Economico","Donna",20,"Umanistiche","Pratica","civile (es. Avvocato, Politico, ...)","comprendere","Sì","esplorare nuove culture","Un ambiente multiculturale e diversificato","6","Scegliere il percorso di studi non è per niente facile, io stessa ho avuto molta difficoltà nel farlo e non nego che tutt'ora non ne sono soddisfatta al cento per cento. L’idea di creare un sistema del genere, ovvero che aiuti a capire quale sia la scelta azzeccata del percorso di studi, non è  per niente male non solo perché potrebbe aiutare moltissimi ragazzi che come me non hanno chiaro cosa vogliono fare in futuro, ma anche semplicemente per prendere più conoscenza delle proprie passioni (cosa che non è scontata). Detto questo credo che il form in generale è fatto molto bene e non ho riscontrato problemi. "
"2024/05/21 4:28:59 PM EEST","Scienze Biologiche","Triennale","Terzo","Scientifico","Donna","21","Scientifiche","Pratica","ambientale (es. Agricoltore, Attivista, ...)","ricercare","Sì","fare una differenza nel mondo","Un ambiente multiculturale e diversificato","10","Specifica le materie di interesse, potrebbero esserci persone con interessi discostanti, che alternano ambiti umanistici e scientifici.
Permetti il multirisposta"
"2024/05/21 4:52:35 PM EEST","Scienze biologiche ","Triennale","Quarto","Scientifico","Donna","22","Scientifiche","Teoria","della ricerca (es. Fisico, Matematico, Storico, ...)","analizzare","Sì","esplorare nuove culture","Un ambiente strutturato e ben organizzato","8",""
"2024/05/21 5:32:56 PM EEST","Informatica ","Triennale","Terzo","Economico","Uomo","27","Scientifiche","Teoria","tecnologico (es. Sviluppatore, Progettista, ...)","comunicare","No","espandere le mie conoscenze e competenze","Un ambiente collaborativo e team-oriented","8",""
"2024/05/21 5:38:06 PM EEST","Biotecnologie ","Triennale","Quarto","Scientifico","Donna","22","Scientifiche","Pratica","sanitario (es. Dottore, Infermiere, Psicologo, ...)","progettare","Sì","fare carriera","Un ambiente strutturato e ben organizzato","9",""
"2024/05/21 6:28:05 PM EEST","Fashion design ","Triennale","Primo","Economico","Donna","20","Scientifiche","Pratica","artistico (es. Stilista, Designer, ...)","progettare","Sì","fare carriera","Un ambiente dinamico e stimolante","8","La scelta sul percorso di studi non è per niente facile come molti pensano dato che è un percorso che ci servirà per il nostro futuro. C’è chi già sa cosa vuole fare e chi come me invece, non aveva assolutamente idea di quali fossero le proprie ambizioni o comunque ciò a cui si è appassionati. Quindi in generale, sono assolutamente d’accordo nel realizzare un sistema che possa aiutare i ragazzi a scegliere la facoltà perfetta per loro in modo tale da evitare ripensamenti, ma sopratutto per essere felici della propria scelta! Il form secondo me non ha bisogno di nessuna modifica perché è fatto molto bene."
"2024/05/21 6:40:55 PM EEST","Informatica","Triennale","Terzo","Economico","Donna","21","Scientifiche","Pratica","della ricerca (es. Fisico, Matematico, Storico, ...)","analizzare","Sì","espandere le mie conoscenze e competenze","Un ambiente autonomo e indipendente","8",""
"2024/05/21 8:07:00 PM EEST","Scienze e Tecniche Psicologiche","Triennale","Secondo","Linguistico","Donna","21","Umanistiche","Teoria","sanitario (es. Dottore, Infermiere, Psicologo, ...)","comunicare","No","contribuire al benessere degli altri","Un ambiente strutturato e ben organizzato","9",""
"2024/05/21 10:34:41 PM EEST","Lettere ","Triennale","Terzo","Scienze umane","Donna","21","Umanistiche","Teoria","educativo (es. Insegnante, ...)","comprendere","Sì","contribuire al benessere degli altri","Un ambiente strutturato e ben organizzato","7",""
"2024/05/22 11:25:05 AM EEST","Informatica","Magistrale","Secondo","Tecnologico","Uomo","23","Scientifiche","Pratica","tecnologico (es. Sviluppatore, Progettista, ...)","ricercare","Sì","espandere le mie conoscenze e competenze","Un ambiente collaborativo e team-oriented","9",""
"2024/05/22 9:38:35 PM EEST","Informatica","Triennale","Terzo","Tecnologico","Uomo","21","Scientifiche","Pratica","tecnologico (es. Sviluppatore, Progettista, ...)","comunicare","No","contribuire al benessere degli altri","Un ambiente dinamico e stimolante","8",""